{
  "full": {
    "train_total": [
      2.202296351623535,
      0.7785827787399292,
      0.6107356990337371
    ],
    "train_asr": [
      1.4275976929187775,
      0.35163883458375933,
      0.2722001567840576
    ],
    "train_accent": [
      1.4643320068359376,
      0.8354452270507813,
      0.6624627197265625
    ],
    "train_lcma": [
      0.04253266406804323,
      0.009221333335340023,
      0.0073041817411780355
    ],
    "val_total": [
      1.34209694312169,
      0.6337003616186289,
      0.5922736869408534
    ],
    "val_asr": [
      0.7657983348919795,
      0.24457298448452583,
      0.23708449877225435
    ],
    "val_accent": [
      1.1221336951622596,
      0.7594346266526443,
      0.6935929518479568
    ],
    "val_lcma": [
      0.015231731920861281,
      0.00941006624354766,
      0.008392721987687625
    ],
    "val_wer": [
      0.1136,
      0.1081,
      0.1076
    ],
    "val_cer": [
      0.0447,
      0.0449,
      0.0445
    ]
  }
}